Type,Content
Table Data,Laptop; $1000; Yes
Table Data,Smartphone; $800; No
Table Data,Tablet; $500; Yes
DIV Content,"Sharp Objects£47.82✔ In stockAdd to basketIn a Dark, Dark Wood£19.63✔ In stockAdd to basketThe Past Never Ends£56.50✔ In stockAdd to basketA Murder in Time£16.64Out stockAdd to basket"
DIV Content,Sharp Objects£47.82✔ In stockAdd to basket
DIV Content,"In a Dark, Dark Wood£19.63✔ In stockAdd to basket"
DIV Content,The Past Never Ends£56.50✔ In stockAdd to basket
DIV Content,A Murder in Time£16.64Out stockAdd to basket
DIV Content,"Wireless Headphones$49.99Available colors: Black, White, BlueAdd to BasketSmart Speaker$89.99Available colors: Grey, BlackAdd to BasketSmart Watch$149.99Available colors: Black, Silver, GoldAdd to Basket"
DIV Content,"Wireless Headphones$49.99Available colors: Black, White, BlueAdd to Basket"
DIV Content,"Smart Speaker$89.99Available colors: Grey, BlackAdd to Basket"
DIV Content,"Smart Watch$149.99Available colors: Black, Silver, GoldAdd to Basket"
DIV Content,© 2024 Web Scraping Practice. All Rights Reserved.
